PO Date: 10/21/21,Requested Ship Date: 11/04/21,Due Date: 11/18/21,Page:,1,,,
Import Permit:,Basic Permit:,State License: WSL3902974,,,,,
Attn: MARK WARREN,,,,,,,
Ship to: REPUB NATL DIST CO TAMPA,Ship from: FITVINE LLC,,,,,,
4901 ,SAVARESE CIRCLE N,PO BOX 6474709,,,,,
TAMPA,", FL 33634",DETROIT,", MI",482674709,,,
813-885-3200,508-612-7142,,,,,,
Instructions:,PO#: 167468,,,,,,
SHIP VIA WESTERN WINE/MODE TRANSPORTATION,===================,,,,,,
CONTACT MODE FOR P/U:MODE.BEVERAGES@MODETRANSPORTATION.CO,Our PO# must appear,,,,,,
CONFIRMATIONS TO: ALMA.RAMIREZ@RNDC-USA.COM,"on all invoices,",,,,,,
QUESTIONS CONTACT: ALMA.RAMIREZ@RNDC-USA.COM,shipping papers and,,,,,,
correspondence.,,,,,,,
===================,,,,,,,
FOB Point: ELITE WINE SHIPPING,"10724 HWY 160 RIVER RD, HOOD CA 95639",,,,,,
__________________________________________________________________________________,,,,,,,
Cases|Size |Pack|Item No.|Description,|,Upc |Unit Price,,,,,
__________________________________________________________________________________,,,,,,,
14|750M |,12|,37639|FITVINE CALIF SAUV BL,|85308600803|,84.00,,,
|,|,|,|OL NUPC,|,|,,
126|750M |,12|,37644|FITVINE CALIF P GRIGIO,|85308600807|,84.00,,,
|,|,|,|OL NUPC,|,|,,
56|750M |,12|,37646|FITVINE CALIF P NOIR,|85308600802|,102.00,,,
|,|,|,|OL NUPC,|,|,,
__________________________________________________________________________________,Total|,|,|,|,Weight|,|Total Price,
__________________________________________________________________________________,196|,|,|,|,7526|,|,17472.00
SPECIAL INSTRUCTIONS:,,,,,,,
Carrier must provide appropriate temperature protection at all times,,,,,,,
NOTES:,,,,,,,
Please confirm receipt and ship date of this PO and notify RNDC/NDC of,,,,,,,
"any changes regarding quantity, vintage, cost, UPC or alcohol percent.",,,,,,,
Supplier must have an active Non-Resident Seller's Permit and Label,,,,,,,
approvals for each product prior to shipping the order to the State of,,,,,,,
Florida.,,,,,,,
The provisions of 41 C.F.R. 60-250.5(a) pertaining to affirmative action,,,,,,,
obligations are incorporated herein by reference.,,,,,,,
